Page Section,Element,Full Current Content (from JSON),SEO Optimized Version (KHON2),Additional Notes
Header Intro,Title,Island-Wide Coverage,,
,,,,
Central Oahu,Region Title,Central Oahu,,
Central Oahu,Aiea,Expert cooling care in Aiea covers high-quality Mini Split AC installation and routine cleaning. Technicians also handle fast Window AC installation and deep cleaning to keep units running well. These services ensure every home stays comfortable and energy efficient.,,
Central Oahu,Pearl City,Residents here rely on professional Mini Split AC retrofits and specialized maintenance cleanings. Our team also provides Window AC installation and thorough cleaning for local houses and apartments. Complete air care keeps every cooling system strong against the Hawaii heat.,,
Central Oahu,Mililani,"Cool upland air stays fresh with expert Mini Split AC installation and deep cleaning help. We also offer Window AC installation and cleaning to maintain perfect temperatures in every room. From new retrofits to basic service, your home stays healthy and chill.",,
Central Oahu,Waipio Gentry,This community enjoys premium Mini Split AC retrofits and regular system cleaning. Expert Window AC installation and deep cleaning are also available for all residential units. Proper care ensures your cooling equipment lasts for many years to come.,,
Central Oahu,Waikele,Quality service near the shops includes Mini Split AC installation and professional cleaning. The team also specializes in Window AC installation and cleaning to stop dust from building up. These cooling options keep your home environment clean and quiet.,,
,,,,
Metro Honolulu,Region Title,Metro Honolulu,,
Metro Honolulu,Honolulu,Fast city service features elite Mini Split AC installation and routine cleaning. We also perform Window AC installation and cleaning for city homes and high-rises. New retrofits and deep maintenance keep the urban heat away from your living space.,,
Metro Honolulu,Kalihi,Local cooling support includes strong Mini Split AC installation and thorough system cleaning. Residents can also book Window AC installation and deep cleaning to improve air flow. Reliable retrofits help every business and home stay productive and cool.,,
Metro Honolulu,Manoa,Valley homes stay dry with specialized Mini Split AC installation and cleaning. We also provide Window AC installation and cleaning to protect against moisture and mold. These full-service cooling choices keep your indoor air fresh and healthy.,,
Metro Honolulu,Kaimuki,Iconic homes get modern Mini Split AC retrofits and deep maintenance cleaning. Professional Window AC installation and cleaning are also key to preserving older units. Complete care helps your cooling system run smoothly in this classic neighborhood.,,
Metro Honolulu,Hawaii Kai,Marina-side homes stay protected with salt-resistant Mini Split AC installation and cleaning. We also offer Window AC installation and cleaning to stop rust and clogs. Premium retrofits ensure your system survives the coastal island air.,,
Metro Honolulu,Salt Lake,Rapid cooling help includes efficient Mini Split AC installation and routine cleaning. Local technicians also provide Window AC installation and cleaning for every type of home. These service options keep your air cold and your electric bills low.,,
Metro Honolulu,Aina Haina,Oceanside properties receive top-tier Mini Split AC installation and detailed cleaning. Our experts also handle Window AC installation and cleaning to fight off the salt air. Specialized retrofits keep your cooling unit powerful and reliable.,,
Metro Honolulu,Kahala,Elite HVAC care focuses on premium Mini Split AC installation and deep cleaning. We also deliver Window AC installation and cleaning for total home comfort. Every retrofit is designed to provide perfect air quality and quiet operation.,,
Metro Honolulu,McCully,Dense city living stays chill with rapid Mini Split AC installation and cleaning. We also offer Window AC installation and cleaning to handle the midday sun. Professional maintenance ensures your unit stays strong even on the hottest days.,,
Metro Honolulu,Makiki,Central residents enjoy quiet Mini Split AC retrofits and professional cleaning. Our team also performs Window AC installation and cleaning for total reliability. Consistent service keeps your home air fresh and your system running right.,,
,,,,
Leeward,Region Title,Leeward,,
Leeward,Kapolei,The Second City stays cool with modern Mini Split AC installation and deep cleaning. We also provide expert Window AC installation and cleaning for new and old homes. These full-service retrofits keep the West side heat out of your house.,,
Leeward,Ewa Beach,Sunny coastal homes get extra care with Mini Split AC installation and cleaning. We also specialize in Window AC installation and cleaning to combat the salt and dust. Proper retrofits ensure your cooling stays strong for the whole family.,,
Leeward,Waipahu,"Our home-base service features professional Mini Split AC installation and routine cleaning. Local residents can also rely on us for Window AC installation and cleaning. From deep maintenance to new retrofits, we keep your air perfect.",,
Leeward,Kunia,Ridge homes stay comfortable with reliable Mini Split AC installation and cleaning. We also offer Window AC installation and cleaning to handle the intense mountain sun. Quality retrofits keep your cooling system efficient and cold.,,
,,,,
Windward,Region Title,Windward,,
Windward,Kailua,Beachside living is improved with salt-ready Mini Split AC installation and cleaning. We also provide Window AC installation and cleaning to prevent damage from the sea air. These complete retrofits keep your home healthy and your unit clean.,,
Windward,Kaneohe,Bay-area homes stay dry with specialized Mini Split AC installation and cleaning. Our technicians also perform Window AC installation and cleaning to stop mold growth. Reliable retrofits ensure your cooling system stays quiet and powerful.,,
Windward,Kahaluu,Tropical coastal homes get expert Mini Split AC installation and routine cleaning. We also provide Window AC installation and cleaning for the best air quality. Regular maintenance keeps your system running well in the lush island air.,,